{"cameraMode":{"drawMode":0,"name":"Shaded","section":"Shading Mode"},"sceneLighting":true,"audioPlay":false,"sceneViewState":{"showFog":true,"showMaterialUpdate":false,"showSkybox":true,"showFlares":true,"showImageEffects":true,"showParticleSystems":true},"in2DMode":false,"pivot":{"x":786.4923706054688,"y":1477.243896484375,"z":89.9836654663086},"rotation":{"x":0.11224476993083954,"y":-0.017885234206914903,"z":-0.0020206207409501077,"w":-0.9935175776481628},"size":1668.459228515625,"orthographic":false}