{"cameraMode":{"drawMode":0,"name":"Shaded","section":"Shading Mode"},"sceneLighting":false,"audioPlay":false,"sceneViewState":{"showFog":true,"showMaterialUpdate":false,"showSkybox":false,"showFlares":true,"showImageEffects":true,"showParticleSystems":true},"in2DMode":false,"pivot":{"x":30.402408599853517,"y":5.887629985809326,"z":6.371964931488037},"rotation":{"x":-0.046875156462192538,"y":0.8340941667556763,"z":-0.07175026088953018,"w":-0.5449234843254089},"size":0.30005717277526858,"orthographic":false}