{"cameraMode":{"drawMode":0,"name":"Shaded","section":"Shading Mode"},"sceneLighting":true,"audioPlay":false,"sceneViewState":{"showFog":true,"showMaterialUpdate":false,"showSkybox":true,"showFlares":true,"showImageEffects":true,"showParticleSystems":true},"in2DMode":false,"pivot":{"x":-0.07387552410364151,"y":1.7163639068603516,"z":-5.999138355255127},"rotation":{"x":0.08424966782331467,"y":0.9142931699752808,"z":-0.25186702609062197,"w":0.30583178997039797},"size":22.0,"orthographic":false}